--------------------------------------------------------
--  File created - вторник-января-31-2017   
--------------------------------------------------------
--------------------------------------------------------
--  DDL for Table COMPANY
--------------------------------------------------------

  CREATE TABLE "KARAKOI"."COMPANY" 
   (	"COMPANY_ID" NUMBER, 
	"COMPANY_NAME" VARCHAR2(50 BYTE), 
	"ADDRESS" VARCHAR2(100 BYTE), 
	"PHONE" VARCHAR2(50 BYTE)
   ) SEGMENT CREATION IMMEDIATE 
  PCTFREE 10 PCTUSED 40 INITRANS 1 MAXTRANS 255 NOCOMPRESS LOGGING
  STORAGE(INITIAL 65536 NEXT 1048576 MINEXTENTS 1 MAXEXTENTS 2147483645
  PCTINCREASE 0 FREELISTS 1 FREELIST GROUPS 1 BUFFER_POOL DEFAULT FLASH_CACHE DEFAULT CELL_FLASH_CACHE DEFAULT)
  TABLESPACE "SYSTEM" ;
--------------------------------------------------------
--  DDL for Table ENQUIRE
--------------------------------------------------------

  CREATE TABLE "KARAKOI"."ENQUIRE" 
   (	"ENQUIRE_ID" NUMBER, 
	"DISCRIPTION" VARCHAR2(500 BYTE), 
	"STATUS" VARCHAR2(20 BYTE), 
	"CONSUMER_ID" NUMBER
   ) SEGMENT CREATION IMMEDIATE 
  PCTFREE 10 PCTUSED 40 INITRANS 1 MAXTRANS 255 NOCOMPRESS LOGGING
  STORAGE(INITIAL 65536 NEXT 1048576 MINEXTENTS 1 MAXEXTENTS 2147483645
  PCTINCREASE 0 FREELISTS 1 FREELIST GROUPS 1 BUFFER_POOL DEFAULT FLASH_CACHE DEFAULT CELL_FLASH_CACHE DEFAULT)
  TABLESPACE "SYSTEM" ;
--------------------------------------------------------
--  DDL for Table GROUPS
--------------------------------------------------------

  CREATE TABLE "KARAKOI"."GROUPS" 
   (	"GROUP_ID" NUMBER, 
	"ROLE" VARCHAR2(20 BYTE)
   ) SEGMENT CREATION IMMEDIATE 
  PCTFREE 10 PCTUSED 40 INITRANS 1 MAXTRANS 255 NOCOMPRESS LOGGING
  STORAGE(INITIAL 65536 NEXT 1048576 MINEXTENTS 1 MAXEXTENTS 2147483645
  PCTINCREASE 0 FREELISTS 1 FREELIST GROUPS 1 BUFFER_POOL DEFAULT FLASH_CACHE DEFAULT CELL_FLASH_CACHE DEFAULT)
  TABLESPACE "SYSTEM" ;
--------------------------------------------------------
--  DDL for Table MESSAGE_FOR_DATE_DELAY
--------------------------------------------------------

  CREATE TABLE "KARAKOI"."MESSAGE_FOR_DATE_DELAY" 
   (	"MESSAGE_ID" NUMBER, 
	"PROJECT_MANAGER_ID" NUMBER, 
	"EMPLOYEE_ID" NUMBER, 
	"TASK_ID" NUMBER, 
	"DELAY_END_DATE" VARCHAR2(30 BYTE), 
	"MESSAGE_STATUS" VARCHAR2(20 BYTE)
   ) SEGMENT CREATION IMMEDIATE 
  PCTFREE 10 PCTUSED 40 INITRANS 1 MAXTRANS 255 NOCOMPRESS LOGGING
  STORAGE(INITIAL 65536 NEXT 1048576 MINEXTENTS 1 MAXEXTENTS 2147483645
  PCTINCREASE 0 FREELISTS 1 FREELIST GROUPS 1 BUFFER_POOL DEFAULT FLASH_CACHE DEFAULT CELL_FLASH_CACHE DEFAULT)
  TABLESPACE "SYSTEM" ;
--------------------------------------------------------
--  DDL for Table PHASE
--------------------------------------------------------

  CREATE TABLE "KARAKOI"."PHASE" 
   (	"PHASE_ID" NUMBER, 
	"PHASE_NAME" VARCHAR2(30 BYTE), 
	"DISCRIPTION" VARCHAR2(100 BYTE), 
	"PROJECT_ID" NUMBER, 
	"BEFORE_PHASE_ID" NUMBER
   ) SEGMENT CREATION IMMEDIATE 
  PCTFREE 10 PCTUSED 40 INITRANS 1 MAXTRANS 255 NOCOMPRESS LOGGING
  STORAGE(INITIAL 65536 NEXT 1048576 MINEXTENTS 1 MAXEXTENTS 2147483645
  PCTINCREASE 0 FREELISTS 1 FREELIST GROUPS 1 BUFFER_POOL DEFAULT FLASH_CACHE DEFAULT CELL_FLASH_CACHE DEFAULT)
  TABLESPACE "SYSTEM" ;
--------------------------------------------------------
--  DDL for Table PROJECT
--------------------------------------------------------

  CREATE TABLE "KARAKOI"."PROJECT" 
   (	"PROJECT_ID" NUMBER, 
	"PROJECT_NAME" VARCHAR2(50 BYTE), 
	"COMPANY_ID" NUMBER, 
	"PROJECT_MANAGER_ID" NUMBER, 
	"START_DATE" VARCHAR2(30 BYTE), 
	"END_DATE" VARCHAR2(30 BYTE), 
	"LATE_START_DATE" VARCHAR2(30 BYTE), 
	"LATE_END_DATE" VARCHAR2(30 BYTE), 
	"DISCRIPTION" VARCHAR2(500 BYTE), 
	"CONSUMER_ID" NUMBER, 
	"ENQUIRE_ID" NUMBER
   ) SEGMENT CREATION IMMEDIATE 
  PCTFREE 10 PCTUSED 40 INITRANS 1 MAXTRANS 255 NOCOMPRESS LOGGING
  STORAGE(INITIAL 65536 NEXT 1048576 MINEXTENTS 1 MAXEXTENTS 2147483645
  PCTINCREASE 0 FREELISTS 1 FREELIST GROUPS 1 BUFFER_POOL DEFAULT FLASH_CACHE DEFAULT CELL_FLASH_CACHE DEFAULT)
  TABLESPACE "SYSTEM" ;
--------------------------------------------------------
--  DDL for Table TASK
--------------------------------------------------------

  CREATE TABLE "KARAKOI"."TASK" 
   (	"TASK_ID" NUMBER, 
	"TASK_NAME" VARCHAR2(50 BYTE), 
	"START_DATE" VARCHAR2(30 BYTE), 
	"END_DATE" VARCHAR2(30 BYTE), 
	"LATE_START_DATE" VARCHAR2(30 BYTE), 
	"LATE_END_DATE" VARCHAR2(30 BYTE), 
	"PROGRESS" NUMBER, 
	"PHASE_ID" NUMBER, 
	"DISCRIPTION" VARCHAR2(300 BYTE), 
	"REQUIRED_QUALIFICATION" VARCHAR2(50 BYTE), 
	"STATUS" VARCHAR2(20 BYTE)
   ) SEGMENT CREATION IMMEDIATE 
  PCTFREE 10 PCTUSED 40 INITRANS 1 MAXTRANS 255 NOCOMPRESS LOGGING
  STORAGE(INITIAL 65536 NEXT 1048576 MINEXTENTS 1 MAXEXTENTS 2147483645
  PCTINCREASE 0 FREELISTS 1 FREELIST GROUPS 1 BUFFER_POOL DEFAULT FLASH_CACHE DEFAULT CELL_FLASH_CACHE DEFAULT)
  TABLESPACE "SYSTEM" ;
--------------------------------------------------------
--  DDL for Table TASK_BEFORETASK
--------------------------------------------------------

  CREATE TABLE "KARAKOI"."TASK_BEFORETASK" 
   (	"ID" NUMBER, 
	"TASK_ID" NUMBER, 
	"BEFORETASK_ID" NUMBER
   ) SEGMENT CREATION IMMEDIATE 
  PCTFREE 10 PCTUSED 40 INITRANS 1 MAXTRANS 255 NOCOMPRESS LOGGING
  STORAGE(INITIAL 65536 NEXT 1048576 MINEXTENTS 1 MAXEXTENTS 2147483645
  PCTINCREASE 0 FREELISTS 1 FREELIST GROUPS 1 BUFFER_POOL DEFAULT FLASH_CACHE DEFAULT CELL_FLASH_CACHE DEFAULT)
  TABLESPACE "SYSTEM" ;
--------------------------------------------------------
--  DDL for Table TASK_EMPLOYEE
--------------------------------------------------------

  CREATE TABLE "KARAKOI"."TASK_EMPLOYEE" 
   (	"ID" NUMBER, 
	"TASK_ID" NUMBER, 
	"EMPLOYEE_ID" NUMBER
   ) SEGMENT CREATION IMMEDIATE 
  PCTFREE 10 PCTUSED 40 INITRANS 1 MAXTRANS 255 NOCOMPRESS LOGGING
  STORAGE(INITIAL 65536 NEXT 1048576 MINEXTENTS 1 MAXEXTENTS 2147483645
  PCTINCREASE 0 FREELISTS 1 FREELIST GROUPS 1 BUFFER_POOL DEFAULT FLASH_CACHE DEFAULT CELL_FLASH_CACHE DEFAULT)
  TABLESPACE "SYSTEM" ;
--------------------------------------------------------
--  DDL for Table USERS
--------------------------------------------------------

  CREATE TABLE "KARAKOI"."USERS" 
   (	"USER_ID" NUMBER, 
	"GROUP_ID" NUMBER, 
	"LOGIN" NVARCHAR2(50), 
	"PASSWORD" VARCHAR2(200 BYTE), 
	"FIRSTNAME" VARCHAR2(20 BYTE), 
	"LASTNAME" VARCHAR2(20 BYTE), 
	"AGE" NUMBER, 
	"EMAIL" VARCHAR2(50 BYTE), 
	"ADDRESS" VARCHAR2(50 BYTE), 
	"PHONE" VARCHAR2(20 BYTE), 
	"COMPANY_ID" NUMBER, 
	"QUALIFICATION" VARCHAR2(50 BYTE)
   ) SEGMENT CREATION IMMEDIATE 
  PCTFREE 10 PCTUSED 40 INITRANS 1 MAXTRANS 255 NOCOMPRESS LOGGING
  STORAGE(INITIAL 65536 NEXT 1048576 MINEXTENTS 1 MAXEXTENTS 2147483645
  PCTINCREASE 0 FREELISTS 1 FREELIST GROUPS 1 BUFFER_POOL DEFAULT FLASH_CACHE DEFAULT CELL_FLASH_CACHE DEFAULT)
  TABLESPACE "SYSTEM" ;
--------------------------------------------------------
--  DDL for Sequence COMPANY_SEQ
--------------------------------------------------------

   CREATE SEQUENCE  "KARAKOI"."COMPANY_SEQ"  MINVALUE 1 MAXVALUE 9999999999999999999999999999 INCREMENT BY 1 START WITH 41 CACHE 20 NOORDER  NOCYCLE ;
--------------------------------------------------------
--  DDL for Sequence ENQUIRE_SEQ
--------------------------------------------------------

   CREATE SEQUENCE  "KARAKOI"."ENQUIRE_SEQ"  MINVALUE 1 MAXVALUE 9999999999999999999999999999 INCREMENT BY 1 START WITH 81 CACHE 20 NOORDER  NOCYCLE ;
--------------------------------------------------------
--  DDL for Sequence GROUPS_SEQ
--------------------------------------------------------

   CREATE SEQUENCE  "KARAKOI"."GROUPS_SEQ"  MINVALUE 1 MAXVALUE 9999999999999999999999999999 INCREMENT BY 1 START WITH 21 CACHE 20 NOORDER  NOCYCLE ;
--------------------------------------------------------
--  DDL for Sequence MESSAGE_FOR_DATE_DELAY_SEQ
--------------------------------------------------------

   CREATE SEQUENCE  "KARAKOI"."MESSAGE_FOR_DATE_DELAY_SEQ"  MINVALUE 1 MAXVALUE 9999999999999999999999999999 INCREMENT BY 1 START WITH 21 CACHE 20 NOORDER  NOCYCLE ;
--------------------------------------------------------
--  DDL for Sequence PHASE_SEQ
--------------------------------------------------------

   CREATE SEQUENCE  "KARAKOI"."PHASE_SEQ"  MINVALUE 1 MAXVALUE 9999999999999999999999999999 INCREMENT BY 1 START WITH 41 CACHE 20 NOORDER  NOCYCLE ;
--------------------------------------------------------
--  DDL for Sequence PROJECT_SEQ
--------------------------------------------------------

   CREATE SEQUENCE  "KARAKOI"."PROJECT_SEQ"  MINVALUE 1 MAXVALUE 9999999999999999999999999999 INCREMENT BY 1 START WITH 21 CACHE 20 NOORDER  NOCYCLE ;
--------------------------------------------------------
--  DDL for Sequence TASK_BEFORETASK_SEQ
--------------------------------------------------------

   CREATE SEQUENCE  "KARAKOI"."TASK_BEFORETASK_SEQ"  MINVALUE 1 MAXVALUE 9999999999999999999999999999 INCREMENT BY 1 START WITH 41 CACHE 20 NOORDER  NOCYCLE ;
--------------------------------------------------------
--  DDL for Sequence TASK_EMPLOYEE_SEQ
--------------------------------------------------------

   CREATE SEQUENCE  "KARAKOI"."TASK_EMPLOYEE_SEQ"  MINVALUE 1 MAXVALUE 9999999999999999999999999999 INCREMENT BY 1 START WITH 61 CACHE 20 NOORDER  NOCYCLE ;
--------------------------------------------------------
--  DDL for Sequence TASK_SEQ
--------------------------------------------------------

   CREATE SEQUENCE  "KARAKOI"."TASK_SEQ"  MINVALUE 1 MAXVALUE 9999999999999999999999999999 INCREMENT BY 1 START WITH 61 CACHE 20 NOORDER  NOCYCLE ;
--------------------------------------------------------
--  DDL for Sequence USERS_SEQ
--------------------------------------------------------

   CREATE SEQUENCE  "KARAKOI"."USERS_SEQ"  MINVALUE 1 MAXVALUE 9999999999999999999999999999 INCREMENT BY 1 START WITH 41 CACHE 20 NOORDER  NOCYCLE ;
REM INSERTING into KARAKOI.COMPANY
SET DEFINE OFF;
Insert into KARAKOI.COMPANY (COMPANY_ID,COMPANY_NAME,ADDRESS,PHONE) values ('1','Microsoft','Microsoft address','333-33-333');
Insert into KARAKOI.COMPANY (COMPANY_ID,COMPANY_NAME,ADDRESS,PHONE) values ('2','NetCracker','NetCracker address','111-11-111');
Insert into KARAKOI.COMPANY (COMPANY_ID,COMPANY_NAME,ADDRESS,PHONE) values ('3','Epam','Epam address','222-22-222');
REM INSERTING into KARAKOI.ENQUIRE
SET DEFINE OFF;
Insert into KARAKOI.ENQUIRE (ENQUIRE_ID,DISCRIPTION,STATUS,CONSUMER_ID) values ('69','Hi, I want you to write me game. Like this...','Accepted','2');
Insert into KARAKOI.ENQUIRE (ENQUIRE_ID,DISCRIPTION,STATUS,CONSUMER_ID) values ('70','Hi, I want you to write me app for my business. This app must to do...','Processing','2');
REM INSERTING into KARAKOI.GROUPS
SET DEFINE OFF;
Insert into KARAKOI.GROUPS (GROUP_ID,ROLE) values ('1','Administrator');
Insert into KARAKOI.GROUPS (GROUP_ID,ROLE) values ('2','Consumer');
Insert into KARAKOI.GROUPS (GROUP_ID,ROLE) values ('3','Employee');
REM INSERTING into KARAKOI.MESSAGE_FOR_DATE_DELAY
SET DEFINE OFF;
Insert into KARAKOI.MESSAGE_FOR_DATE_DELAY (MESSAGE_ID,PROJECT_MANAGER_ID,EMPLOYEE_ID,TASK_ID,DELAY_END_DATE,MESSAGE_STATUS) values ('5','21','22','36','05/03/2017','Unchecked');
REM INSERTING into KARAKOI.PHASE
SET DEFINE OFF;
Insert into KARAKOI.PHASE (PHASE_ID,PHASE_NAME,DISCRIPTION,PROJECT_ID,BEFORE_PHASE_ID) values ('20','Phase2','Development','1','19');
Insert into KARAKOI.PHASE (PHASE_ID,PHASE_NAME,DISCRIPTION,PROJECT_ID,BEFORE_PHASE_ID) values ('21','Phase3','Testing','1','20');
Insert into KARAKOI.PHASE (PHASE_ID,PHASE_NAME,DISCRIPTION,PROJECT_ID,BEFORE_PHASE_ID) values ('19','Phase1','Create structure','1',null);
REM INSERTING into KARAKOI.PROJECT
SET DEFINE OFF;
Insert into KARAKOI.PROJECT (PROJECT_ID,PROJECT_NAME,COMPANY_ID,PROJECT_MANAGER_ID,START_DATE,END_DATE,LATE_START_DATE,LATE_END_DATE,DISCRIPTION,CONSUMER_ID,ENQUIRE_ID) values ('1','Project1','2','21','01/01/2017','31/04/2017',null,null,'Hi, you need to develop this project:
{Project1 discription...}','2','69');
REM INSERTING into KARAKOI.TASK
SET DEFINE OFF;
Insert into KARAKOI.TASK (TASK_ID,TASK_NAME,START_DATE,END_DATE,LATE_START_DATE,LATE_END_DATE,PROGRESS,PHASE_ID,DISCRIPTION,REQUIRED_QUALIFICATION,STATUS) values ('35','Task2','02/02/2017','14/02/2017',null,null,'0','20','Create diagram','Middle','Not performed');
Insert into KARAKOI.TASK (TASK_ID,TASK_NAME,START_DATE,END_DATE,LATE_START_DATE,LATE_END_DATE,PROGRESS,PHASE_ID,DISCRIPTION,REQUIRED_QUALIFICATION,STATUS) values ('36','Task3','15/02/2017','01/03/2017',null,null,'25','21','Development','Junior','Performed');
Insert into KARAKOI.TASK (TASK_ID,TASK_NAME,START_DATE,END_DATE,LATE_START_DATE,LATE_END_DATE,PROGRESS,PHASE_ID,DISCRIPTION,REQUIRED_QUALIFICATION,STATUS) values ('37','Task4','02/03/2017','31/03/2017',null,null,'0','21','Testing code','Tester','Not performed');
Insert into KARAKOI.TASK (TASK_ID,TASK_NAME,START_DATE,END_DATE,LATE_START_DATE,LATE_END_DATE,PROGRESS,PHASE_ID,DISCRIPTION,REQUIRED_QUALIFICATION,STATUS) values ('38','Task5','01/04/2017','10/03/2017',null,null,'0','21','Documentation','Analyst','Not performed');
Insert into KARAKOI.TASK (TASK_ID,TASK_NAME,START_DATE,END_DATE,LATE_START_DATE,LATE_END_DATE,PROGRESS,PHASE_ID,DISCRIPTION,REQUIRED_QUALIFICATION,STATUS) values ('39','Task6','11/04/2017','30/04/2017',null,null,'0','21','Supporting','Team Lead','Not performed');
Insert into KARAKOI.TASK (TASK_ID,TASK_NAME,START_DATE,END_DATE,LATE_START_DATE,LATE_END_DATE,PROGRESS,PHASE_ID,DISCRIPTION,REQUIRED_QUALIFICATION,STATUS) values ('40','Task7','01/05/2017','20/05/2017',null,null,'0','21','Implementation','Senior','Not performed');
Insert into KARAKOI.TASK (TASK_ID,TASK_NAME,START_DATE,END_DATE,LATE_START_DATE,LATE_END_DATE,PROGRESS,PHASE_ID,DISCRIPTION,REQUIRED_QUALIFICATION,STATUS) values ('41','Task8','21/05/2017','31/05/2017',null,null,'0','21','Implementation2','Senior','Not performed');
Insert into KARAKOI.TASK (TASK_ID,TASK_NAME,START_DATE,END_DATE,LATE_START_DATE,LATE_END_DATE,PROGRESS,PHASE_ID,DISCRIPTION,REQUIRED_QUALIFICATION,STATUS) values ('34','Task1','01/01/2017','01/02/2017',null,null,'0','19','Create app structure','Senior','Not performed');
REM INSERTING into KARAKOI.TASK_BEFORETASK
SET DEFINE OFF;
Insert into KARAKOI.TASK_BEFORETASK (ID,TASK_ID,BEFORETASK_ID) values ('19','36','34');
Insert into KARAKOI.TASK_BEFORETASK (ID,TASK_ID,BEFORETASK_ID) values ('17','34',null);
Insert into KARAKOI.TASK_BEFORETASK (ID,TASK_ID,BEFORETASK_ID) values ('20','37','35');
Insert into KARAKOI.TASK_BEFORETASK (ID,TASK_ID,BEFORETASK_ID) values ('21','37','36');
Insert into KARAKOI.TASK_BEFORETASK (ID,TASK_ID,BEFORETASK_ID) values ('18','35','34');
REM INSERTING into KARAKOI.TASK_EMPLOYEE
SET DEFINE OFF;
Insert into KARAKOI.TASK_EMPLOYEE (ID,TASK_ID,EMPLOYEE_ID) values ('59','36','22');
Insert into KARAKOI.TASK_EMPLOYEE (ID,TASK_ID,EMPLOYEE_ID) values ('57','34','26');
Insert into KARAKOI.TASK_EMPLOYEE (ID,TASK_ID,EMPLOYEE_ID) values ('58','35','23');
Insert into KARAKOI.TASK_EMPLOYEE (ID,TASK_ID,EMPLOYEE_ID) values ('60','37','22');
REM INSERTING into KARAKOI.USERS
SET DEFINE OFF;
Insert into KARAKOI.USERS (USER_ID,GROUP_ID,LOGIN,PASSWORD,FIRSTNAME,LASTNAME,AGE,EMAIL,ADDRESS,PHONE,COMPANY_ID,QUALIFICATION) values ('1','1','admin','8c6976e5b5410415bde908bd4dee15dfb167a9c873fc4bb8a81f6f2ab448a918','admin','admin','25','admin email','admin address',' 999-99-99',null,null);
Insert into KARAKOI.USERS (USER_ID,GROUP_ID,LOGIN,PASSWORD,FIRSTNAME,LASTNAME,AGE,EMAIL,ADDRESS,PHONE,COMPANY_ID,QUALIFICATION) values ('2','2','Consumer1','156bf16637e4adcd875e70ed5c6daf91041cd3cc484302948fd8deddde7b9900','Consumer1','Consumer1','41','Consumer1 email','Consumer1 address','888-88-88',null,null);
Insert into KARAKOI.USERS (USER_ID,GROUP_ID,LOGIN,PASSWORD,FIRSTNAME,LASTNAME,AGE,EMAIL,ADDRESS,PHONE,COMPANY_ID,QUALIFICATION) values ('21','3','Employee1','b9c788f973a89a414bda85516b5daafb7c9ac55fd9b1eb311135f71f777686dd','Employee1','Employee1','22','Employee1 email','Employee1 adress','067-11-40-801','2','Project Manager');
Insert into KARAKOI.USERS (USER_ID,GROUP_ID,LOGIN,PASSWORD,FIRSTNAME,LASTNAME,AGE,EMAIL,ADDRESS,PHONE,COMPANY_ID,QUALIFICATION) values ('22','3','Employee2','bef5d96f320e345b280a38d75fe0317898c1697690be668fa223821a0194750f','Employee2','Employee2','34','Employee2 email','Employee2 address','098-12-44-916','2','Junior');
Insert into KARAKOI.USERS (USER_ID,GROUP_ID,LOGIN,PASSWORD,FIRSTNAME,LASTNAME,AGE,EMAIL,ADDRESS,PHONE,COMPANY_ID,QUALIFICATION) values ('23','3','Employee3','e9182df7c87f5b12b28885b5acfbf62ea224ffe1bdc0537776011140fc5f9cba','Employee3','Employee3','34','Employee3 email','Employee3 address','095-11-25-176','2','Middle');
Insert into KARAKOI.USERS (USER_ID,GROUP_ID,LOGIN,PASSWORD,FIRSTNAME,LASTNAME,AGE,EMAIL,ADDRESS,PHONE,COMPANY_ID,QUALIFICATION) values ('26','3','Employee4','Employee4','Employee4','Employee4','33','Employee4 email','Employee4 address','152-24-453','2','Senior');
--------------------------------------------------------
--  DDL for Index TASK_EMPLOYEE_PK
--------------------------------------------------------

  CREATE UNIQUE INDEX "KARAKOI"."TASK_EMPLOYEE_PK" ON "KARAKOI"."TASK_EMPLOYEE" ("ID") 
  PCTFREE 10 INITRANS 2 MAXTRANS 255 COMPUTE STATISTICS 
  STORAGE(INITIAL 65536 NEXT 1048576 MINEXTENTS 1 MAXEXTENTS 2147483645
  PCTINCREASE 0 FREELISTS 1 FREELIST GROUPS 1 BUFFER_POOL DEFAULT FLASH_CACHE DEFAULT CELL_FLASH_CACHE DEFAULT)
  TABLESPACE "SYSTEM" ;
--------------------------------------------------------
--  DDL for Index PHASE_PK
--------------------------------------------------------

  CREATE UNIQUE INDEX "KARAKOI"."PHASE_PK" ON "KARAKOI"."PHASE" ("PHASE_ID") 
  PCTFREE 10 INITRANS 2 MAXTRANS 255 COMPUTE STATISTICS 
  STORAGE(INITIAL 65536 NEXT 1048576 MINEXTENTS 1 MAXEXTENTS 2147483645
  PCTINCREASE 0 FREELISTS 1 FREELIST GROUPS 1 BUFFER_POOL DEFAULT FLASH_CACHE DEFAULT CELL_FLASH_CACHE DEFAULT)
  TABLESPACE "SYSTEM" ;
--------------------------------------------------------
--  DDL for Index ENQUIRE_PK
--------------------------------------------------------

  CREATE UNIQUE INDEX "KARAKOI"."ENQUIRE_PK" ON "KARAKOI"."ENQUIRE" ("ENQUIRE_ID") 
  PCTFREE 10 INITRANS 2 MAXTRANS 255 COMPUTE STATISTICS 
  STORAGE(INITIAL 65536 NEXT 1048576 MINEXTENTS 1 MAXEXTENTS 2147483645
  PCTINCREASE 0 FREELISTS 1 FREELIST GROUPS 1 BUFFER_POOL DEFAULT FLASH_CACHE DEFAULT CELL_FLASH_CACHE DEFAULT)
  TABLESPACE "SYSTEM" ;
--------------------------------------------------------
--  DDL for Index MESSAGE_FOR_DATE_DELAY_PK
--------------------------------------------------------

  CREATE UNIQUE INDEX "KARAKOI"."MESSAGE_FOR_DATE_DELAY_PK" ON "KARAKOI"."MESSAGE_FOR_DATE_DELAY" ("MESSAGE_ID") 
  PCTFREE 10 INITRANS 2 MAXTRANS 255 COMPUTE STATISTICS 
  STORAGE(INITIAL 65536 NEXT 1048576 MINEXTENTS 1 MAXEXTENTS 2147483645
  PCTINCREASE 0 FREELISTS 1 FREELIST GROUPS 1 BUFFER_POOL DEFAULT FLASH_CACHE DEFAULT CELL_FLASH_CACHE DEFAULT)
  TABLESPACE "SYSTEM" ;
--------------------------------------------------------
--  DDL for Index COMPANY_PK
--------------------------------------------------------

  CREATE UNIQUE INDEX "KARAKOI"."COMPANY_PK" ON "KARAKOI"."COMPANY" ("COMPANY_ID") 
  PCTFREE 10 INITRANS 2 MAXTRANS 255 COMPUTE STATISTICS 
  STORAGE(INITIAL 65536 NEXT 1048576 MINEXTENTS 1 MAXEXTENTS 2147483645
  PCTINCREASE 0 FREELISTS 1 FREELIST GROUPS 1 BUFFER_POOL DEFAULT FLASH_CACHE DEFAULT CELL_FLASH_CACHE DEFAULT)
  TABLESPACE "SYSTEM" ;
--------------------------------------------------------
--  DDL for Index PROJECT_PK
--------------------------------------------------------

  CREATE UNIQUE INDEX "KARAKOI"."PROJECT_PK" ON "KARAKOI"."PROJECT" ("PROJECT_ID") 
  PCTFREE 10 INITRANS 2 MAXTRANS 255 COMPUTE STATISTICS 
  STORAGE(INITIAL 65536 NEXT 1048576 MINEXTENTS 1 MAXEXTENTS 2147483645
  PCTINCREASE 0 FREELISTS 1 FREELIST GROUPS 1 BUFFER_POOL DEFAULT FLASH_CACHE DEFAULT CELL_FLASH_CACHE DEFAULT)
  TABLESPACE "SYSTEM" ;
--------------------------------------------------------
--  DDL for Index USERS_PK
--------------------------------------------------------

  CREATE UNIQUE INDEX "KARAKOI"."USERS_PK" ON "KARAKOI"."USERS" ("USER_ID") 
  PCTFREE 10 INITRANS 2 MAXTRANS 255 COMPUTE STATISTICS 
  STORAGE(INITIAL 65536 NEXT 1048576 MINEXTENTS 1 MAXEXTENTS 2147483645
  PCTINCREASE 0 FREELISTS 1 FREELIST GROUPS 1 BUFFER_POOL DEFAULT FLASH_CACHE DEFAULT CELL_FLASH_CACHE DEFAULT)
  TABLESPACE "SYSTEM" ;
--------------------------------------------------------
--  DDL for Index TASK_PK
--------------------------------------------------------

  CREATE UNIQUE INDEX "KARAKOI"."TASK_PK" ON "KARAKOI"."TASK" ("TASK_ID") 
  PCTFREE 10 INITRANS 2 MAXTRANS 255 COMPUTE STATISTICS 
  STORAGE(INITIAL 65536 NEXT 1048576 MINEXTENTS 1 MAXEXTENTS 2147483645
  PCTINCREASE 0 FREELISTS 1 FREELIST GROUPS 1 BUFFER_POOL DEFAULT FLASH_CACHE DEFAULT CELL_FLASH_CACHE DEFAULT)
  TABLESPACE "SYSTEM" ;
--------------------------------------------------------
--  DDL for Index GROUPS_PK
--------------------------------------------------------

  CREATE UNIQUE INDEX "KARAKOI"."GROUPS_PK" ON "KARAKOI"."GROUPS" ("GROUP_ID") 
  PCTFREE 10 INITRANS 2 MAXTRANS 255 COMPUTE STATISTICS 
  STORAGE(INITIAL 65536 NEXT 1048576 MINEXTENTS 1 MAXEXTENTS 2147483645
  PCTINCREASE 0 FREELISTS 1 FREELIST GROUPS 1 BUFFER_POOL DEFAULT FLASH_CACHE DEFAULT CELL_FLASH_CACHE DEFAULT)
  TABLESPACE "SYSTEM" ;
--------------------------------------------------------
--  DDL for Index TASK_BEFORETASK_PK
--------------------------------------------------------

  CREATE UNIQUE INDEX "KARAKOI"."TASK_BEFORETASK_PK" ON "KARAKOI"."TASK_BEFORETASK" ("ID") 
  PCTFREE 10 INITRANS 2 MAXTRANS 255 COMPUTE STATISTICS 
  STORAGE(INITIAL 65536 NEXT 1048576 MINEXTENTS 1 MAXEXTENTS 2147483645
  PCTINCREASE 0 FREELISTS 1 FREELIST GROUPS 1 BUFFER_POOL DEFAULT FLASH_CACHE DEFAULT CELL_FLASH_CACHE DEFAULT)
  TABLESPACE "SYSTEM" ;
--------------------------------------------------------
--  DDL for Trigger COMPANY_ID_TRIGGER
--------------------------------------------------------

  CREATE OR REPLACE TRIGGER "KARAKOI"."COMPANY_ID_TRIGGER" 
BEFORE INSERT ON company FOR EACH ROW
BEGIN
:NEW.company_id := company_seq.NEXTVAL;
END;
/
ALTER TRIGGER "KARAKOI"."COMPANY_ID_TRIGGER" ENABLE;
--------------------------------------------------------
--  DDL for Trigger ENQUIRE_ID_TRIGGER
--------------------------------------------------------

  CREATE OR REPLACE TRIGGER "KARAKOI"."ENQUIRE_ID_TRIGGER" 
BEFORE INSERT ON enquire FOR EACH ROW
BEGIN
:NEW.enquire_id := enquire_seq.NEXTVAL;
END;
/
ALTER TRIGGER "KARAKOI"."ENQUIRE_ID_TRIGGER" ENABLE;
--------------------------------------------------------
--  DDL for Trigger GROUPS_ID_TRIGGER
--------------------------------------------------------

  CREATE OR REPLACE TRIGGER "KARAKOI"."GROUPS_ID_TRIGGER" 
BEFORE INSERT ON groups FOR EACH ROW
BEGIN
:NEW.group_id := groups_seq.NEXTVAL;
END;
/
ALTER TRIGGER "KARAKOI"."GROUPS_ID_TRIGGER" ENABLE;
--------------------------------------------------------
--  DDL for Trigger MESSAGE_DD_ID_TRIGGER
--------------------------------------------------------

  CREATE OR REPLACE TRIGGER "KARAKOI"."MESSAGE_DD_ID_TRIGGER" 
BEFORE INSERT ON MESSAGE_FOR_DATE_DELAY FOR EACH ROW
BEGIN
:NEW.MESSAGE_ID := MESSAGE_FOR_DATE_DELAY_SEQ.NEXTVAL;
END;
/
ALTER TRIGGER "KARAKOI"."MESSAGE_DD_ID_TRIGGER" ENABLE;
--------------------------------------------------------
--  DDL for Trigger PHASE_ID_TRIGGER
--------------------------------------------------------

  CREATE OR REPLACE TRIGGER "KARAKOI"."PHASE_ID_TRIGGER" 
BEFORE INSERT ON phase FOR EACH ROW
BEGIN
:NEW.phase_id := phase_seq.NEXTVAL;
END;
/
ALTER TRIGGER "KARAKOI"."PHASE_ID_TRIGGER" ENABLE;
--------------------------------------------------------
--  DDL for Trigger PROJECT_ID_TRIGGER
--------------------------------------------------------

  CREATE OR REPLACE TRIGGER "KARAKOI"."PROJECT_ID_TRIGGER" 
BEFORE INSERT ON project FOR EACH ROW
BEGIN
:NEW.project_id := project_seq.NEXTVAL;
END;
/
ALTER TRIGGER "KARAKOI"."PROJECT_ID_TRIGGER" ENABLE;
--------------------------------------------------------
--  DDL for Trigger TASK_BEFORETASK_ID_TRIGGER
--------------------------------------------------------

  CREATE OR REPLACE TRIGGER "KARAKOI"."TASK_BEFORETASK_ID_TRIGGER" 
BEFORE INSERT ON task_beforetask FOR EACH ROW
BEGIN
:NEW.id := task_beforetask_seq.NEXTVAL;
END;
/
ALTER TRIGGER "KARAKOI"."TASK_BEFORETASK_ID_TRIGGER" ENABLE;
--------------------------------------------------------
--  DDL for Trigger TASK_EMPLOYEE_ID_TRIGGER
--------------------------------------------------------

  CREATE OR REPLACE TRIGGER "KARAKOI"."TASK_EMPLOYEE_ID_TRIGGER" 
BEFORE INSERT ON task_employee FOR EACH ROW
BEGIN
:NEW.id := task_employee_seq.NEXTVAL;
END;
/
ALTER TRIGGER "KARAKOI"."TASK_EMPLOYEE_ID_TRIGGER" ENABLE;
--------------------------------------------------------
--  DDL for Trigger TASK_ID_TRIGGER
--------------------------------------------------------

  CREATE OR REPLACE TRIGGER "KARAKOI"."TASK_ID_TRIGGER" 
BEFORE INSERT ON task FOR EACH ROW
BEGIN
:NEW.task_id := task_seq.NEXTVAL;
END;
/
ALTER TRIGGER "KARAKOI"."TASK_ID_TRIGGER" ENABLE;
--------------------------------------------------------
--  DDL for Trigger USERS_ID_TRIGGER
--------------------------------------------------------

  CREATE OR REPLACE TRIGGER "KARAKOI"."USERS_ID_TRIGGER" 
BEFORE INSERT ON users FOR EACH ROW
BEGIN
:NEW.user_id := users_seq.NEXTVAL;
END;
/
ALTER TRIGGER "KARAKOI"."USERS_ID_TRIGGER" ENABLE;
--------------------------------------------------------
--  Constraints for Table TASK_EMPLOYEE
--------------------------------------------------------

  ALTER TABLE "KARAKOI"."TASK_EMPLOYEE" ADD CONSTRAINT "TASK_EMPLOYEE_PK" PRIMARY KEY ("ID")
  USING INDEX PCTFREE 10 INITRANS 2 MAXTRANS 255 COMPUTE STATISTICS 
  STORAGE(INITIAL 65536 NEXT 1048576 MINEXTENTS 1 MAXEXTENTS 2147483645
  PCTINCREASE 0 FREELISTS 1 FREELIST GROUPS 1 BUFFER_POOL DEFAULT FLASH_CACHE DEFAULT CELL_FLASH_CACHE DEFAULT)
  TABLESPACE "SYSTEM"  ENABLE NOVALIDATE;
  ALTER TABLE "KARAKOI"."TASK_EMPLOYEE" MODIFY ("ID" NOT NULL ENABLE NOVALIDATE);
--------------------------------------------------------
--  Constraints for Table PHASE
--------------------------------------------------------

  ALTER TABLE "KARAKOI"."PHASE" ADD CONSTRAINT "PHASE_PK" PRIMARY KEY ("PHASE_ID")
  USING INDEX PCTFREE 10 INITRANS 2 MAXTRANS 255 COMPUTE STATISTICS 
  STORAGE(INITIAL 65536 NEXT 1048576 MINEXTENTS 1 MAXEXTENTS 2147483645
  PCTINCREASE 0 FREELISTS 1 FREELIST GROUPS 1 BUFFER_POOL DEFAULT FLASH_CACHE DEFAULT CELL_FLASH_CACHE DEFAULT)
  TABLESPACE "SYSTEM"  ENABLE;
  ALTER TABLE "KARAKOI"."PHASE" MODIFY ("PHASE_ID" NOT NULL ENABLE);
--------------------------------------------------------
--  Constraints for Table PROJECT
--------------------------------------------------------

  ALTER TABLE "KARAKOI"."PROJECT" ADD CONSTRAINT "PROJECT_PK" PRIMARY KEY ("PROJECT_ID")
  USING INDEX PCTFREE 10 INITRANS 2 MAXTRANS 255 COMPUTE STATISTICS 
  STORAGE(INITIAL 65536 NEXT 1048576 MINEXTENTS 1 MAXEXTENTS 2147483645
  PCTINCREASE 0 FREELISTS 1 FREELIST GROUPS 1 BUFFER_POOL DEFAULT FLASH_CACHE DEFAULT CELL_FLASH_CACHE DEFAULT)
  TABLESPACE "SYSTEM"  ENABLE;
  ALTER TABLE "KARAKOI"."PROJECT" MODIFY ("PROJECT_ID" NOT NULL ENABLE);
--------------------------------------------------------
--  Constraints for Table TASK
--------------------------------------------------------

  ALTER TABLE "KARAKOI"."TASK" ADD CONSTRAINT "TASK_PK" PRIMARY KEY ("TASK_ID")
  USING INDEX PCTFREE 10 INITRANS 2 MAXTRANS 255 COMPUTE STATISTICS 
  STORAGE(INITIAL 65536 NEXT 1048576 MINEXTENTS 1 MAXEXTENTS 2147483645
  PCTINCREASE 0 FREELISTS 1 FREELIST GROUPS 1 BUFFER_POOL DEFAULT FLASH_CACHE DEFAULT CELL_FLASH_CACHE DEFAULT)
  TABLESPACE "SYSTEM"  ENABLE;
  ALTER TABLE "KARAKOI"."TASK" MODIFY ("TASK_ID" NOT NULL ENABLE);
--------------------------------------------------------
--  Constraints for Table COMPANY
--------------------------------------------------------

  ALTER TABLE "KARAKOI"."COMPANY" ADD CONSTRAINT "COMPANY_PK" PRIMARY KEY ("COMPANY_ID")
  USING INDEX PCTFREE 10 INITRANS 2 MAXTRANS 255 COMPUTE STATISTICS 
  STORAGE(INITIAL 65536 NEXT 1048576 MINEXTENTS 1 MAXEXTENTS 2147483645
  PCTINCREASE 0 FREELISTS 1 FREELIST GROUPS 1 BUFFER_POOL DEFAULT FLASH_CACHE DEFAULT CELL_FLASH_CACHE DEFAULT)
  TABLESPACE "SYSTEM"  ENABLE;
  ALTER TABLE "KARAKOI"."COMPANY" MODIFY ("COMPANY_ID" NOT NULL ENABLE);
--------------------------------------------------------
--  Constraints for Table USERS
--------------------------------------------------------

  ALTER TABLE "KARAKOI"."USERS" ADD CONSTRAINT "USERS_PK" PRIMARY KEY ("USER_ID")
  USING INDEX PCTFREE 10 INITRANS 2 MAXTRANS 255 COMPUTE STATISTICS 
  STORAGE(INITIAL 65536 NEXT 1048576 MINEXTENTS 1 MAXEXTENTS 2147483645
  PCTINCREASE 0 FREELISTS 1 FREELIST GROUPS 1 BUFFER_POOL DEFAULT FLASH_CACHE DEFAULT CELL_FLASH_CACHE DEFAULT)
  TABLESPACE "SYSTEM"  ENABLE;
  ALTER TABLE "KARAKOI"."USERS" MODIFY ("USER_ID" NOT NULL ENABLE);
--------------------------------------------------------
--  Constraints for Table ENQUIRE
--------------------------------------------------------

  ALTER TABLE "KARAKOI"."ENQUIRE" ADD CONSTRAINT "ENQUIRE_PK" PRIMARY KEY ("ENQUIRE_ID")
  USING INDEX PCTFREE 10 INITRANS 2 MAXTRANS 255 COMPUTE STATISTICS 
  STORAGE(INITIAL 65536 NEXT 1048576 MINEXTENTS 1 MAXEXTENTS 2147483645
  PCTINCREASE 0 FREELISTS 1 FREELIST GROUPS 1 BUFFER_POOL DEFAULT FLASH_CACHE DEFAULT CELL_FLASH_CACHE DEFAULT)
  TABLESPACE "SYSTEM"  ENABLE;
  ALTER TABLE "KARAKOI"."ENQUIRE" MODIFY ("ENQUIRE_ID" NOT NULL ENABLE);
--------------------------------------------------------
--  Constraints for Table GROUPS
--------------------------------------------------------

  ALTER TABLE "KARAKOI"."GROUPS" ADD CONSTRAINT "GROUPS_PK" PRIMARY KEY ("GROUP_ID")
  USING INDEX PCTFREE 10 INITRANS 2 MAXTRANS 255 COMPUTE STATISTICS 
  STORAGE(INITIAL 65536 NEXT 1048576 MINEXTENTS 1 MAXEXTENTS 2147483645
  PCTINCREASE 0 FREELISTS 1 FREELIST GROUPS 1 BUFFER_POOL DEFAULT FLASH_CACHE DEFAULT CELL_FLASH_CACHE DEFAULT)
  TABLESPACE "SYSTEM"  ENABLE;
  ALTER TABLE "KARAKOI"."GROUPS" MODIFY ("GROUP_ID" NOT NULL ENABLE);
--------------------------------------------------------
--  Constraints for Table TASK_BEFORETASK
--------------------------------------------------------

  ALTER TABLE "KARAKOI"."TASK_BEFORETASK" ADD CONSTRAINT "TASK_BEFORETASK_PK" PRIMARY KEY ("ID")
  USING INDEX PCTFREE 10 INITRANS 2 MAXTRANS 255 COMPUTE STATISTICS 
  STORAGE(INITIAL 65536 NEXT 1048576 MINEXTENTS 1 MAXEXTENTS 2147483645
  PCTINCREASE 0 FREELISTS 1 FREELIST GROUPS 1 BUFFER_POOL DEFAULT FLASH_CACHE DEFAULT CELL_FLASH_CACHE DEFAULT)
  TABLESPACE "SYSTEM"  ENABLE NOVALIDATE;
  ALTER TABLE "KARAKOI"."TASK_BEFORETASK" MODIFY ("ID" NOT NULL ENABLE NOVALIDATE);
--------------------------------------------------------
--  Constraints for Table MESSAGE_FOR_DATE_DELAY
--------------------------------------------------------

  ALTER TABLE "KARAKOI"."MESSAGE_FOR_DATE_DELAY" ADD CONSTRAINT "MESSAGE_FOR_DATE_DELAY_PK" PRIMARY KEY ("MESSAGE_ID")
  USING INDEX PCTFREE 10 INITRANS 2 MAXTRANS 255 COMPUTE STATISTICS 
  STORAGE(INITIAL 65536 NEXT 1048576 MINEXTENTS 1 MAXEXTENTS 2147483645
  PCTINCREASE 0 FREELISTS 1 FREELIST GROUPS 1 BUFFER_POOL DEFAULT FLASH_CACHE DEFAULT CELL_FLASH_CACHE DEFAULT)
  TABLESPACE "SYSTEM"  ENABLE;
  ALTER TABLE "KARAKOI"."MESSAGE_FOR_DATE_DELAY" MODIFY ("MESSAGE_ID" NOT NULL ENABLE);
--------------------------------------------------------
--  Ref Constraints for Table ENQUIRE
--------------------------------------------------------

  ALTER TABLE "KARAKOI"."ENQUIRE" ADD CONSTRAINT "ENQUIRE_FK1" FOREIGN KEY ("CONSUMER_ID")
	  REFERENCES "KARAKOI"."USERS" ("USER_ID") ENABLE;
--------------------------------------------------------
--  Ref Constraints for Table MESSAGE_FOR_DATE_DELAY
--------------------------------------------------------

  ALTER TABLE "KARAKOI"."MESSAGE_FOR_DATE_DELAY" ADD CONSTRAINT "MESSAGE_FOR_DATE_DELAY_FK1" FOREIGN KEY ("PROJECT_MANAGER_ID")
	  REFERENCES "KARAKOI"."USERS" ("USER_ID") ENABLE;
  ALTER TABLE "KARAKOI"."MESSAGE_FOR_DATE_DELAY" ADD CONSTRAINT "MESSAGE_FOR_DATE_DELAY_FK2" FOREIGN KEY ("EMPLOYEE_ID")
	  REFERENCES "KARAKOI"."USERS" ("USER_ID") ENABLE;
  ALTER TABLE "KARAKOI"."MESSAGE_FOR_DATE_DELAY" ADD CONSTRAINT "MESSAGE_FOR_DATE_DELAY_FK3" FOREIGN KEY ("TASK_ID")
	  REFERENCES "KARAKOI"."TASK" ("TASK_ID") ENABLE;
--------------------------------------------------------
--  Ref Constraints for Table PHASE
--------------------------------------------------------

  ALTER TABLE "KARAKOI"."PHASE" ADD CONSTRAINT "PHASE_FK1" FOREIGN KEY ("PROJECT_ID")
	  REFERENCES "KARAKOI"."PROJECT" ("PROJECT_ID") ENABLE;
  ALTER TABLE "KARAKOI"."PHASE" ADD CONSTRAINT "PHASE_FK2" FOREIGN KEY ("BEFORE_PHASE_ID")
	  REFERENCES "KARAKOI"."PHASE" ("PHASE_ID") ENABLE;
--------------------------------------------------------
--  Ref Constraints for Table PROJECT
--------------------------------------------------------

  ALTER TABLE "KARAKOI"."PROJECT" ADD CONSTRAINT "PROJECT_FK1" FOREIGN KEY ("COMPANY_ID")
	  REFERENCES "KARAKOI"."COMPANY" ("COMPANY_ID") ENABLE;
  ALTER TABLE "KARAKOI"."PROJECT" ADD CONSTRAINT "PROJECT_FK2" FOREIGN KEY ("PROJECT_MANAGER_ID")
	  REFERENCES "KARAKOI"."USERS" ("USER_ID") ENABLE;
  ALTER TABLE "KARAKOI"."PROJECT" ADD CONSTRAINT "PROJECT_FK3" FOREIGN KEY ("CONSUMER_ID")
	  REFERENCES "KARAKOI"."USERS" ("USER_ID") ENABLE;
  ALTER TABLE "KARAKOI"."PROJECT" ADD CONSTRAINT "PROJECT_FK4" FOREIGN KEY ("ENQUIRE_ID")
	  REFERENCES "KARAKOI"."ENQUIRE" ("ENQUIRE_ID") ENABLE;
--------------------------------------------------------
--  Ref Constraints for Table TASK
--------------------------------------------------------

  ALTER TABLE "KARAKOI"."TASK" ADD CONSTRAINT "TASK_FK1" FOREIGN KEY ("PHASE_ID")
	  REFERENCES "KARAKOI"."PHASE" ("PHASE_ID") ENABLE;
--------------------------------------------------------
--  Ref Constraints for Table TASK_BEFORETASK
--------------------------------------------------------

  ALTER TABLE "KARAKOI"."TASK_BEFORETASK" ADD CONSTRAINT "TASK_BEFORETASK_FK1" FOREIGN KEY ("TASK_ID")
	  REFERENCES "KARAKOI"."TASK" ("TASK_ID") ENABLE NOVALIDATE;
  ALTER TABLE "KARAKOI"."TASK_BEFORETASK" ADD CONSTRAINT "TASK_BEFORETASK_FK2" FOREIGN KEY ("BEFORETASK_ID")
	  REFERENCES "KARAKOI"."TASK" ("TASK_ID") ENABLE NOVALIDATE;
--------------------------------------------------------
--  Ref Constraints for Table TASK_EMPLOYEE
--------------------------------------------------------

  ALTER TABLE "KARAKOI"."TASK_EMPLOYEE" ADD CONSTRAINT "TASK_EMPLOYEE_FK1" FOREIGN KEY ("EMPLOYEE_ID")
	  REFERENCES "KARAKOI"."USERS" ("USER_ID") ENABLE NOVALIDATE;
  ALTER TABLE "KARAKOI"."TASK_EMPLOYEE" ADD CONSTRAINT "TASK_EMPLOYEE_FK2" FOREIGN KEY ("TASK_ID")
	  REFERENCES "KARAKOI"."TASK" ("TASK_ID") ENABLE NOVALIDATE;
--------------------------------------------------------
--  Ref Constraints for Table USERS
--------------------------------------------------------

  ALTER TABLE "KARAKOI"."USERS" ADD CONSTRAINT "USERS_FK1" FOREIGN KEY ("COMPANY_ID")
	  REFERENCES "KARAKOI"."COMPANY" ("COMPANY_ID") ENABLE;
  ALTER TABLE "KARAKOI"."USERS" ADD CONSTRAINT "USERS_FK2" FOREIGN KEY ("GROUP_ID")
	  REFERENCES "KARAKOI"."GROUPS" ("GROUP_ID") ENABLE;
